word,entropy
raise,5.878302956493168
slate,5.855819244109514
crate,5.835215982633283
irate,5.832798880940906
trace,5.830429108079756
arise,5.821023459282916
stare,5.806888622249767
snare,5.768678157325961
arose,5.767804897087285
erase,5.755119961429772
least,5.751562008954045
alert,5.744211188991764
tease,5.742332193047948
crane,5.741011320165299
stale,5.738263819559771
saner,5.733998546845606
terse,5.7215305689102225
alter,5.713372336368845
later,5.7072872147747775
lease,5.698616568999604
react,5.696507075549461
treat,5.693807459906955
trade,5.683921221818491
leant,5.683771188478656
learn,5.652071208685769
roast,5.648431350783487
cater,5.648077618641168
aisle,5.635641642534597
trice,5.63429121496714
parse,5.630156106670123
scare,5.628408586744339
elate,5.627806074980406
trite,5.623120706987692
saute,5.622136469693715
heart,5.612255574516924
alone,5.6112819733074915
store,5.610713777559603
alien,5.607061114370462
share,5.605482704800805
grate,5.604721071049501
trail,5.593026690437363
eater,5.591658696823824
siren,5.583845673538042
reset,5.578486470145637
snore,5.577479792805562
caste,5.571255323961439
trait,5.569158614526672
scale,5.563910699552495
sleet,5.560717385935773
atone,5.55745421325454
dealt,5.556164141615789
train,5.552929846847907
renal,5.552879499556744
taste,5.550928197740122
plate,5.549894639384545
spare,5.549571447797363
clear,5.5474505194323775
rinse,5.546185296262676
state,5.5390090940755
trial,5.538016935437212
cease,5.537539445881058
solar,5.536945045928283
teary,5.53546739863583
shale,5.534500704764713
latte,5.53368984253593
glare,5.530269109066345
pearl,5.526194184691445
steer,5.522433396401954
stole,5.520214920281409
lance,5.51785934978482
stair,5.5173205649518735
sonar,5.516082371885896
canoe,5.5147155319744305
tenor,5.512274265687144
terra,5.511814239437134
crone,5.511593461135512
slice,5.511094657018501
taper,5.510731078664036
saint,5.509538811054161
tarot,5.503850325396858
route,5.500778240784804
slant,5.492894363021003
tread,5.492115187959261
scree,5.491308605712366
cleat,5.489422897356735
tense,5.489231230130749
hater,5.486107120439382
blare,5.486044168394805
tried,5.481492792992093
steal,5.48091073739098
sneer,5.476480040535963
eaten,5.474777192631061
rouse,5.4738607499449135
reuse,5.4696556575066575
plane,5.46947654480834
rarer,5.466175692639769
paler,5.465493640171357
loser,5.465312696390798
suite,5.461338253902715
tripe,5.460259278266676
crest,5.460207662676906
shear,5.455430856465423
great,5.452072779098322
sauce,5.450699755993676
shire,5.446799769446684
large,5.444680674047589
tamer,5.443269730191807
easel,5.4412868355166175
stone,5.437915024013527
noise,5.4375535425870565
adore,5.434850993952367
lapse,5.430417867523893
score,5.430138131305708
trope,5.429282518528877
agree,5.428915814468764
close,5.427638071462522
elite,5.426619306370254
altar,5.425244967308293
parer,5.425065031000823
table,5.424744549624114
paste,5.4233845145370765
horse,5.422079565531042
start,5.4218175193506255
shore,5.420950425998677
truce,5.417394025205947
leapt,5.417108401326199
earth,5.415427531501215
spree,5.4148890255265565
grace,5.414855010608604
risen,5.414603745935207
corer,5.4110711047073785
cause,5.410047227701638
racer,5.404377466617155
aider,5.401911579147158
liner,5.40180993356849
steel,5.401110929479594
tenet,5.400910896991663
drone,5.398303867644633
deter,5.398165872694387
haste,5.397508067929169
three,5.396756591580969
lathe,5.396170711055796
title,5.392348203776035
carol,5.390655203708902
arena,5.389900050299343
prose,5.38975715243906
yeast,5.388287086452308
brace,5.388203150410664
coast,5.385023153746122
clone,5.38291207366894
snarl,5.38280452254446
slain,5.382028401130771
spear,5.381130000093252
place,5.379099703719444
loose,5.379029423144886
prone,5.374787568967702
flare,5.373354547971322
toast,5.372762976675595
beast,5.372571022193975
realm,5.372178848086326
spire,5.371719517051854
roost,5.3711427381210095
greet,5.37060020306391
taint,5.368847590038247
eerie,5.368294837971483
satin,5.367209639207999
cadet,5.366649099189518
pleat,5.366593937023638
range,5.366515592567698
cairn,5.366075447753732
panel,5.365459011308027
meant,5.36445356008448
crier,5.3631283735377435
carat,5.36273618613413
layer,5.3610328818884545
plier,5.359925660388845
leash,5.359286242106589
drape,5.3579893128558975
stern,5.357984078678917
louse,5.356282628008278
truer,5.356106906688222
urine,5.353589674430596
yearn,5.35297530088768
ratio,5.351355244310683
coral,5.34939841636314
tonal,5.348306598645539
slide,5.347685761739006
snort,5.347268488147341
tract,5.34551405140674
tribe,5.343809559998217
resin,5.342352966321436
arson,5.341245373690035
beret,5.3408024039424085
since,5.340502960213791
inert,5.339379039559707
clean,5.339066363864466
spore,5.338414506508411
lager,5.336683560265132
talon,5.33567627036299
snail,5.3351828902844
curse,5.335018155882451
cedar,5.334608744840708
there,5.3343094987511135
triad,5.333485977297272
baler,5.332516581398928
salon,5.332514289752446
enter,5.332187591544197
caper,5.330958422031463
their,5.329055629077323
inane,5.327167312476975
stage,5.326712920670715
petal,5.324753213230227
enact,5.323893406721706
inlet,5.322781479078945
sense,5.321936571345363
cruel,5.318053994587367
early,5.317580997012499
trash,5.317499986055724
price,5.317382878627214
smear,5.316396863706966
nurse,5.314949027502966
laden,5.314855326196401
poise,5.3147261537810575
eagle,5.3126358774865485
peace,5.312046366253811
merit,5.310415747791616
preen,5.3068164727274345
sheer,5.306049864885905
islet,5.305513111978625
inter,5.305467880485705
baste,5.304690860304446
tiara,5.304481542337348
relay,5.304386077287884
spite,5.301199133583712
space,5.298102065057978
ramen,5.297076918920412
onset,5.296696142225692
heist,5.296131550132678
erect,5.294515666337474
reach,5.292867611872599
those,5.292455795071538
dance,5.2921431854232655
safer,5.292102243649777
riser,5.291819850567292
cried,5.291803470194717
tapir,5.290559548162504
slope,5.289572265048204
surer,5.2881865869809594
retro,5.2871807463753004
sedan,5.28565189655059
pause,5.2847533727747145
feast,5.284333574723997
outer,5.283972373822803
chase,5.283209966891619
ester,5.2816374194670805
peril,5.279773606186746
haute,5.278798676104681
stein,5.2781204549116
utile,5.278015991632347
drier,5.277751269699498
stain,5.276000437113529
tilde,5.275795285260071
slime,5.2749697613744235
grade,5.274356744723239
shine,5.272087032401773
spiel,5.270483227738674
shalt,5.270149258696773
agile,5.268849825748903
ladle,5.2685400178252735
false,5.268453128915505
noose,5.267689712200116
hotel,5.266941799498855
chore,5.260915266641409
regal,5.260572229431374
trend,5.260065391539162
genre,5.2594084580631035
eclat,5.259340353919472
water,5.258734703802273
penal,5.258589943730718
farce,5.258262271655139
poser,5.257489871003646
shone,5.257051780120203
brine,5.254980120240421
teach,5.254431845682402
anode,5.253772778850849
plait,5.253211897260574
heard,5.252432576997798
scone,5.252030761335387
cable,5.251872286477452
timer,5.250122062095975
borne,5.249577627174496
meter,5.248667259103294
afire,5.248637269328013
taker,5.247528400101284
grape,5.247309826001408
droit,5.246960013024894
drain,5.24661800106399
satyr,5.246280240550203
metal,5.244663392254323
puree,5.243466406959903
smart,5.2432585226832185
grant,5.242673255586662
torso,5.24242811374249
rotor,5.242150884373792
tiger,5.241763246781527
write,5.241178368087261
dense,5.237733521859443
acute,5.236593164102714
delta,5.235866161792472
polar,5.235743224949377
diner,5.234163747943294
rearm,5.232893838347949
bleat,5.232640182554794
leper,5.232568141806836
elder,5.231485576125539
repel,5.231122094108276
smile,5.230827560903169
skate,5.2299190848889605
asset,5.229227948281242
smite,5.22903205836331
forte,5.227465931068335
crime,5.227405874064116
wrote,5.219825730133149
artsy,5.218202991144533
actor,5.2166544599628075
argue,5.216576079549332
crepe,5.2156914286296026
remit,5.2154489693431625
camel,5.213508957601339
eager,5.213255940317432
scant,5.211768879113216
cutie,5.210754875523308
sober,5.209851967048012
erode,5.209697673717959
shade,5.207998774538806
aorta,5.206472796084924
otter,5.203651373453147
slept,5.203281664827202
motel,5.2022624915143965
trout,5.20168428088536
natal,5.200968436684845
grail,5.200497914802598
chart,5.200346710487442
purse,5.198383331948632
algae,5.198176689668508
total,5.19762513631397
stead,5.197394332130204
allot,5.1950275451057415
sleep,5.192960597005771
spine,5.192206679911035
aside,5.191856633166497
phase,5.191584392307607
cream,5.191287487368033
feral,5.190563020103876
sheet,5.189854997216486
anger,5.1893212738132934
smote,5.189314862675655
snide,5.189179098741284
paint,5.185385759679863
shape,5.185133915664417
apart,5.184006711559289
agate,5.183913363870968
short,5.1833835010678495
nicer,5.182719323531341
plant,5.181169874574692
cheat,5.180961406014952
aware,5.180880049873222
angle,5.180825348959138
tulle,5.179569733133377
green,5.178573147378782
anime,5.1782217172438605
alike,5.177813553306449
snipe,5.177013822685475
taunt,5.176675932182428
older,5.176441355774199
leach,5.176161055494276
tacit,5.1754921372997975
worse,5.175021452957739
loath,5.174982335012943
lithe,5.174631936858397
waste,5.173989986951045
court,5.171907701641044
spelt,5.171690626885515
shirt,5.171476669397436
linen,5.171184413991283
miser,5.170524589787064
heron,5.17036754890096
abate,5.169688841423666
prune,5.168965640776695
swear,5.168456662970024
rupee,5.168343255543121
rainy,5.167820628207394
unite,5.167526291892285
payer,5.167078272893783
rebel,5.166193563284222
creed,5.166080164475402
pride,5.165282782289163
these,5.165208626804437
goner,5.164989232186844
crept,5.164582326460588
pried,5.164418376468024
ripen,5.164363392588259
crave,5.1632050529276645
relic,5.163127768714441
salty,5.1610515737968035
stake,5.159314660274014
death,5.158971406367807
molar,5.15672715952146
scene,5.156560015235611
rebar,5.15607364903776
glade,5.1558796153395905
cider,5.155727214134359
siege,5.155291587475732
acorn,5.155276155390061
scent,5.153527491671279
lapel,5.153486437499871
stray,5.153169383921088
alley,5.152839353396415
sepia,5.152826047913558
valet,5.1525040383467955
nasal,5.150862338219608
salve,5.150131462779843
stall,5.149789136309442
brute,5.149158727064335
recut,5.148318157835131
canal,5.147481198128948
spade,5.146444754648555
color,5.145389582138769
lunar,5.144713276981638
beard,5.143825772805663
after,5.142562091002882
boast,5.140526461250728
ready,5.140168188651345
gloat,5.139478921993483
trust,5.137492462410919
angel,5.137114686868097
chair,5.136667158556858
error,5.1354678688275035
drake,5.135206592809233
shame,5.134955085487859
niece,5.133702883217305
swore,5.133158717380434
snake,5.133075125746666
leave,5.132920235253386
harem,5.132142964291155
carve,5.130888006315977
metro,5.130042340133224
shoal,5.1294065272450835
moral,5.1280061432860045
recap,5.1276582772362485
surge,5.127283089904949
rider,5.126895473310402
miner,5.1266202765562525
tepee,5.12579668577375
print,5.125447996848411
creme,5.125258111934219
sheen,5.124794513820555
horde,5.12468339270444
rodeo,5.12424214306813
grain,5.124147126236939
style,5.122671045171231
royal,5.121777024676076
masse,5.121356449081993
verse,5.1211853440502635
super,5.121018667020179
atoll,5.120440647734674
betel,5.1204247705275145
elide,5.120207355883921
blast,5.120061798093615
spice,5.119856437946155
array,5.11982078497968
dread,5.119116686446434
steed,5.117868787329759
sport,5.117631755274366
unset,5.116421787502516
trove,5.114740277249379
barge,5.114311352137083
blade,5.113406049110358
manor,5.11336379153663
nadir,5.1116629264683695
stilt,5.110955711954022
elect,5.1109114668935
decal,5.1108981600758705
glean,5.110895396657256
crust,5.109628961318278
radar,5.109027882079858
titan,5.106667512209707
wrest,5.106447148595742
serve,5.105974993283271
flier,5.105467014358199
smelt,5.104820939779227
alarm,5.1046805020924655
email,5.10403367718374
maple,5.10399154096519
untie,5.103258665983977
creep,5.103018469298541
strap,5.10130521110096
groan,5.101196787216841
dried,5.099786622877854
house,5.099504549481005
crash,5.099438732766664
comet,5.0991838421501345
egret,5.098922696344747
copse,5.097197996592669
singe,5.0966389956733185
theta,5.096568837448316
bloat,5.095590411641326
rouge,5.095327872701679
tithe,5.0949570744749275
roach,5.09448359562383
gruel,5.0943764598100945
brain,5.094137962016194
sweat,5.093927269082773
rifle,5.092986016385744
abort,5.092671748172644
steam,5.091717797614735
filet,5.0916423037562595
freer,5.091348748729995
cheer,5.0912326168458915
fetal,5.09113205826795
belie,5.089955652035822
reign,5.089870551158824
agent,5.087045141930307
rerun,5.0863007662661435
taken,5.085714597156219
avert,5.085679178557741
rayon,5.085477199824469
crude,5.0854113748059016
chose,5.084856878866388
splat,5.084754825602599
spent,5.084718619839487
salad,5.08380996313306
order,5.083594413716753
tidal,5.082976343939938
pulse,5.0822129306749355
ulcer,5.081959027959213
refer,5.081930690729247
prime,5.08136838071087
sewer,5.079738889559937
gayer,5.0796101317247055
liege,5.079151113584883
teeth,5.0775363696331715
tower,5.077442780716045
hoist,5.077247651106814
ardor,5.076478301132392
facet,5.075191785280718
opera,5.075132504467869
moose,5.074958521476975
sower,5.074520248164664
torus,5.073220496943433
skier,5.0722514464415225
beset,5.072157377522076
labor,5.0719362203958385
plain,5.071417023331599
staid,5.070872254842302
guile,5.070078307459997
giant,5.0692696168231155
debar,5.068742317750482
riper,5.06871637668296
cameo,5.0681254838179
dream,5.067972225121529
leery,5.067825770520328
melee,5.067279613519976
alive,5.066754165526358
fleet,5.065994199445277
stint,5.0649379940883446
serif,5.06464560096863
ultra,5.064606590121937
stave,5.064439572438218
payee,5.064057901378423
troll,5.06283118948116
frame,5.062013815526713
goose,5.06057205483429
abase,5.06007127033047
refit,5.059878290659237
label,5.059064084527863
olden,5.058772591367001
ruler,5.05864462364265
force,5.05819709067047
idler,5.057742471545853
decor,5.056892500142629
steep,5.0567871867729925
rogue,5.055966657901747
credo,5.055225939710953
radio,5.054418908754688
octet,5.053165126283807
erupt,5.052472208657307
piece,5.051848560776686
frail,5.0508949683086914
bread,5.049981321930942
adorn,5.049962063267979
plied,5.048917433962656
baron,5.048518223733796
bathe,5.048499839555115
pedal,5.048469065543687
repay,5.04843768235182
amuse,5.04822943232564
genie,5.047986363947135
purer,5.0476951123488085
thorn,5.047635001515901
other,5.047598782486901
gripe,5.046980147357445
flair,5.046367650822267
strut,5.044758593294825
raven,5.043239811933583
utter,5.042959620334419
inner,5.042736305984386
sloth,5.040517492851527
briar,5.039854629108587
hoard,5.038622038745285
elope,5.03733273623792
roger,5.036908897869819
pecan,5.036706013394589
gamer,5.036513371008342
bride,5.036392904625327
shied,5.0339822706316255
ocean,5.033648869881682
ether,5.03175125758217
mealy,5.031668097685887
donor,5.031596278587188
stand,5.031582719291661
ratty,5.030937238567009
mouse,5.030691652217268
filer,5.0303052888153506
craft,5.030105680218202
dirge,5.029339127470462
trawl,5.028675580506101
rivet,5.028149229249047
stool,5.027807842439737
boule,5.0274431554975685
apron,5.02740594587053
retch,5.026645837224241
grope,5.026425442875172
moist,5.025482177743442
legal,5.025135250713902
snout,5.02498936166572
dairy,5.024379912798316
tuber,5.02432721051781
belle,5.024291384367954
tutor,5.024142273207305
cello,5.023580785756078
towel,5.0216769932026395
matey,5.020343066608397
story,5.0200382245619934
opine,5.019594145123623
creak,5.019342810585987
prior,5.019127503665449
blame,5.01903542955683
point,5.018935491889253
ideal,5.0177817964533835
shorn,5.017397926388829
spilt,5.017126457897293
guise,5.016454711258326
chant,5.016102595776255
scorn,5.016075832911026
posse,5.015578934930528
plead,5.015535372881668
meaty,5.015237478452952
semen,5.013342840720294
ashen,5.0130255736507285
waist,5.012559639586332
noble,5.012317603592615
delay,5.011761241133382
sever,5.011717079361125
ounce,5.010797441323463
pesto,5.010491060313431
diary,5.005588783695069
bluer,5.004524376657529
party,5.004062807175245
totem,5.003644036221829
paper,5.001840726885091
tardy,5.000344593928708
salsa,4.998078548687584
ankle,4.998007350001385
clout,4.997730515235474
solid,4.99720242724016
grime,4.995226497066229
pilot,4.994283567221262
brake,4.992552916126143
shard,4.992197737090697
daunt,4.991136390346434
scary,4.990889444419103
probe,4.990472820627306
pence,4.9884203766865225
drool,4.98684411884759
broil,4.986344480776548
twine,4.985795426393484
ascot,4.9851359353748
honor,4.985083194449946
sugar,4.984284830409585
swine,4.983964428484837
serum,4.983712546601355
hairy,4.983164757013349
wiser,4.981850957738594
rural,4.981801418421104
scope,4.981643001541844
cigar,4.980378686218991
lasso,4.978797799578966
clash,4.977190611498075
float,4.977065712517717
sweet,4.976446114542052
nosey,4.976310716105602
greed,4.976308465731992
weary,4.975199481422975
finer,4.9751290799164405
naive,4.974875874950633
whale,4.974500988793241
posit,4.974149875885112
retry,4.973717613359003
choir,4.97324269555453
voter,4.972920377683254
abuse,4.972120749558894
ranch,4.971271617219494
wooer,4.970441611685735
savor,4.969629430395363
penne,4.968865615090781
carry,4.968099615233608
tenth,4.967735236034435
armor,4.967567515865637
sorry,4.967358256575751
frost,4.967325133730295
cache,4.966875115502396
medal,4.966702363346714
patio,4.966420388585408
faint,4.965913563249393
motor,4.965526743309205
octal,4.964969594216954
ruder,4.964905359532432
intro,4.9647739448017685
friar,4.962377179328728
organ,4.9621042535399615
lower,4.961897934360089
count,4.961057501048148
chest,4.960810539930649
ovate,4.9607583026719855
north,4.960733912495962
troop,4.960540166865064
solve,4.960155473754089
shake,4.959685780463941
phone,4.959277513359461
ensue,4.958755425784905
slang,4.95764187543456
torch,4.956885562383929
prude,4.956520623999311
orbit,4.95615907937702
spied,4.955775458667144
haunt,4.954335644053736
local,4.954062510447319
stout,4.954049240030996
clued,4.953925456560429
merge,4.953909146868416
ridge,4.953315063862506
diode,4.953146799536128
rebut,4.953132290006275
revel,4.9527410730977355
clasp,4.951830104030175
ample,4.951236595036849
scour,4.949814942961791
arbor,4.949757911330052
strip,4.949301593697797
entry,4.947715442904614
melon,4.9474804566886945
wrist,4.947396492665673
cargo,4.945546896528855
glide,4.944599720988466
geese,4.942950780594032
segue,4.942508559502339
split,4.942430798031847
groin,4.942168407217275
bagel,4.942018681901579
lever,4.940994667743107
crony,4.9404771740791755
worst,4.939587652033818
heath,4.939258210731045
stark,4.938298003077444
craze,4.938293256399876
colon,4.937808391465894
irony,4.937719007358793
stoke,4.937691762939527
front,4.937661496307485
renew,4.93748514538718
steak,4.935593328767631
sleek,4.935391564733631
piano,4.9352427478434375
mince,4.935197080052911
grout,4.9338946608914425
hence,4.933740162434638
board,4.933732061100756
peach,4.933110744054942
still,4.932541111532087
sharp,4.932419643524642
homer,4.932217830089234
spoil,4.931935421076837
breed,4.931552265574068
guest,4.930409097993958
grave,4.9280915643600345
sally,4.9276994447355795
first,4.927573377661453
basil,4.927520502957074
marsh,4.927078657261318
aloft,4.92664135191875
setup,4.926056547272825
chute,4.925787498429498
coupe,4.924990763171156
tweet,4.924301947877333
daily,4.92406992782532
baton,4.9236882499481505
suave,4.922306509704667
circa,4.922208102928451
mange,4.921482040344744
shall,4.920953588176068
model,4.920662668164142
flirt,4.920167509976415
deuce,4.92012571230164
fried,4.919598308449696
track,4.918854485990656
recur,4.917968832459099
adept,4.917918330624445
scaly,4.917250719447682
banal,4.917098954689494
deity,4.916759641359105
allay,4.9163841406865725
truly,4.916076995661513
apnea,4.915914312634239
tonic,4.9157725383761495
tally,4.9156001017915765
acrid,4.915216004139993
uncle,4.914237070908501
align,4.911672220020047
robot,4.911635416875541
tramp,4.911393154508266
flame,4.9095162236750305
sooth,4.909356575419385
scald,4.908793326309082
lemur,4.9077405418039435
sieve,4.907506128704024
elude,4.9074776261262985
corny,4.9071069261672005
curio,4.907033832607152
sonic,4.907011036079036
nerve,4.9067517928899145
braid,4.9065916912431815
scrap,4.90610622257658
token,4.90576560388023
upset,4.905000410930273
lemon,4.9039750855624495
depot,4.903866218122516
berth,4.903520269797744
tryst,4.903437501978368
sneak,4.903240747541957
draft,4.90257022793335
spell,4.902179868313842
scion,4.901977285667653
daisy,4.9018010410143695
apple,4.9016839639346195
minor,4.900736597359244
twice,4.900375546528516
sinew,4.900274071009897
cower,4.9000059708244095
sauna,4.899111928499332
chain,4.898979222105764
navel,4.898775824968076
grand,4.898213634315491
claim,4.898012894609877
testy,4.897601659845834
plaid,4.8969797242882365
broad,4.896030433516789
libel,4.895728741536552
lover,4.895145780382102
begat,4.894557324271329
storm,4.894279761853248
ledge,4.89373600295162
abide,4.893572999209419
brave,4.893482599781887
flute,4.892997438237531
sooty,4.892549145279356
slash,4.892452498822724
nasty,4.89238343963284
rally,4.891573213987351
arrow,4.891516179627009
latch,4.890983493144794
tooth,4.890633050490871
mural,4.890051185701521
valor,4.889384312318373
newer,4.888683973339674
basal,4.888491735912714
crass,4.887955385351871
shell,4.887832038758218
rapid,4.887023111618576
tango,4.886162524212572
spurt,4.886014714292013
mayor,4.885260131543314
antic,4.884227308703009
spray,4.884193282325505
audit,4.884057709942018
rhino,4.8830695832119355
sadly,4.882336731436014
inept,4.881241606725082
croak,4.880668895331335
lodge,4.879420507015756
adult,4.879185892072013
crisp,4.878565881837307
cress,4.878449478841626
usage,4.878267512734385
mason,4.8782428271836
stoic,4.878142741185005
oaken,4.877583094975887
abled,4.877487260206585
value,4.8767203893075015
brash,4.876680994343068
soapy,4.875621098133495
canon,4.875548511460314
flora,4.875266584307867
gaunt,4.873633516252516
obese,4.873288182927261
wager,4.872882938279294
macro,4.872000809544308
edict,4.871865869891994
foist,4.8714249501432905
tasty,4.8712301032579
skirt,4.870751060357077
fecal,4.870340416046632
abode,4.867953429361447
angst,4.8663406650887095
fable,4.865925895335312
grasp,4.86587835490243
today,4.865685085727692
adage,4.865497436379844
liver,4.865467289006292
ralph,4.86532529400582
brand,4.865287589421813
stony,4.864654869416379
south,4.864546684333603
stunt,4.864484721442985
lorry,4.863981796265111
shave,4.86377168129803
along,4.8624336567346065
scout,4.862409950570061
amber,4.861623520835698
gorge,4.861481450746407
dunce,4.860623236007208
defer,4.860421262569043
under,4.860277613842719
tepid,4.86020108569562
cagey,4.859438058566974
lilac,4.859338386989023
scalp,4.858842257373702
glint,4.85855166492555
boost,4.858138589462966
crawl,4.857326516443992
moron,4.856880020173565
stalk,4.855892305945488
straw,4.8556149733957295
fatal,4.854732643552255
verso,4.853905409520957
piper,4.852874879346381
parry,4.852263915047221
freed,4.851749037261212
amble,4.851186756026178
shout,4.851173829442079
rower,4.851103682474461
speed,4.85106924752892
poesy,4.851009313420326
surly,4.850228168388309
aloud,4.849443006986367
third,4.846992792336935
truth,4.846006139535269
chard,4.8451182995911966
tonga,4.844801012318454
dryer,4.8425826199739905
cobra,4.84159313470496
leech,4.841309430790867
press,4.841195964347963
lunge,4.841107260728208
piney,4.841057045147217
scram,4.8404460442069785
noisy,4.840199223524923
never,4.839956259990175
adobe,4.839507421735972
honey,4.839492329773341
etude,4.839378476678197
pasta,4.839268833130349
droll,4.839110410205024
unlit,4.838500688695569
alloy,4.838493537592468
hello,4.838306976339413
reply,4.838178884760255
stove,4.838177397094424
chide,4.837758900981582
round,4.837188076964274
tumor,4.83704192996824
sheep,4.836633408348425
patsy,4.835734941215097
randy,4.834883755961789
fault,4.83371971897118
shoot,4.833494226613699
gaily,4.833301535278565
cloth,4.832679916119364
crank,4.832247244445106
llama,4.831781029502653
loyal,4.83115853446141
piety,4.831072836540542
drive,4.831046980835914
weird,4.830789103824475
class,4.830769594786533
moult,4.830653265101348
rehab,4.830153379454786
basin,4.829880584246979
palsy,4.829793797355211
covet,4.82947796366473
maker,4.8285040639139005
drill,4.827597085731278
purge,4.826169798166858
small,4.825273340496366
wrath,4.824615223013382
image,4.823458456421819
burst,4.822773804560301
creek,4.822277772971469
saucy,4.822210738762161
forge,4.821560017146675
cover,4.820650404527469
liken,4.819648486920743
perch,4.81923959846337
chaos,4.819140854794614
halve,4.818868748361812
guilt,4.815373209455606
wheat,4.815340090325431
harsh,4.81530926292432
lurid,4.814795530884647
drove,4.814198999558679
fella,4.813609687685057
truss,4.81257904396613
slurp,4.811700106580963
smell,4.811303442879134
aroma,4.810719286257766
grunt,4.810387324049694
debit,4.810076049156926
agape,4.809479892280927
gleam,4.809302706133581
overt,4.807919924949186
grief,4.807464915316097
lumen,4.806717205000792
owner,4.806473975081998
leafy,4.805725245616867
voice,4.805341807588725
robin,4.805120713716079
felon,4.804387268487572
clove,4.80380049472044
olive,4.803758457973271
blurt,4.803528884538818
shrew,4.803241174523272
chafe,4.8029494076564045
viral,4.8029243076505
caput,4.8028613800108
threw,4.802657392634162
fruit,4.80236385718568
bleed,4.802084941889952
graft,4.801539927003905
flail,4.800666724072103
screw,4.800174944677478
cacti,4.799579943066606
ahead,4.799418911718651
baker,4.7993701910294
cleft,4.798722682635259
golem,4.798161906269503
twirl,4.798009270796303
reedy,4.797481109240938
revue,4.797344656426081
seven,4.797253617076415
amend,4.796868183109069
prove,4.796772987438727
clerk,4.794902979412637
catty,4.794640468536114
donut,4.794239916687734
raspy,4.794060668241053
heave,4.793820949967373
rabid,4.793041510048211
beach,4.792088897949576
until,4.79084982896256
while,4.790649125919073
attic,4.790544509697609
brunt,4.789469708901193
rigor,4.789197066302233
niche,4.788736972087038
kneel,4.788669486677875
clang,4.788350749881496
beget,4.787958118516828
fairy,4.786967329950505
swirl,4.786911695743912
dirty,4.785971468301078
sandy,4.785798659283352
unmet,4.785749686617301
cabal,4.785485171702131
theme,4.784751930881193
spool,4.784525718211463
bleep,4.783717905365105
money,4.782531249121081
spout,4.781841850251279
thief,4.780796728509667
decay,4.780392822695836
media,4.7803891118011625
dress,4.779699396337406
rover,4.779158212461063
harry,4.778640711549714
broke,4.777130497341006
globe,4.776893655823267
shunt,4.775298089139916
built,4.775009399825679
inlay,4.775007912977562
butte,4.774978139551676
break,4.774794715178681
white,4.774364168025367
knelt,4.7743357199186605
aunty,4.77418139069924
fence,4.77365687120752
pansy,4.772341015480971
stank,4.772193335618684
stood,4.771035268158128
infer,4.7708078416425685
broth,4.769856495427703
seize,4.769033318944036
yield,4.768894338961148
sperm,4.768414481765489
loamy,4.76783554701172
whole,4.767288712178781
bribe,4.767071577027141
gland,4.76656821561816
tatty,4.765897602104042
cheap,4.765589927518152
fresh,4.764893017034013
mourn,4.764743543939579
tubal,4.764582499695464
biome,4.764163976680649
leaky,4.763763761759911
bilge,4.763597078125489
where,4.76353781362762
wider,4.763114658767
burnt,4.762661670842361
lousy,4.76263703024194
brief,4.762606400877275
power,4.761780548050717
hinge,4.761239313826366
nerdy,4.760946505004771
deign,4.760342358715847
pasty,4.760003599095622
habit,4.759708910454545
chime,4.759570487699655
stash,4.759446083377737
sound,4.759315483476231
china,4.7592366353224005
sloop,4.7589987148523285
stork,4.758858837605527
foyer,4.758207395725838
wince,4.7577355684339375
drama,4.756043057491804
cabin,4.755960723790252
radii,4.755813174921234
exalt,4.755335981497682
usher,4.755303001445106
river,4.754049858306047
boney,4.7539070752112895
pinto,4.7523910776363785
relax,4.751602384218067
annul,4.750705176891727
grill,4.7504885955582274
poker,4.750321836516709
warty,4.750189018892652
slack,4.746895291063412
verge,4.746807215668311
panic,4.745657398302938
rival,4.745085791406034
horny,4.743293286051096
sling,4.742690016986585
shark,4.741955504007149
drawl,4.741537322907029
novel,4.741269091619894
modal,4.740732512311302
whose,4.740475040154574
drank,4.740413620105546
march,4.740305124904187
gooey,4.739958981776052
gauge,4.739570389834957
evade,4.739176455669384
croup,4.73805905518732
heady,4.7378051459348685
mount,4.7375664643843045
flake,4.737238353535223
adopt,4.735950884427017
foray,4.735775956101374
final,4.7348030081632455
urban,4.734711914249042
mercy,4.73390920778836
spill,4.73317276152699
guard,4.732374093508513
hyena,4.73177514711479
often,4.731368274080044
mirth,4.7310956272878135
adapt,4.730129826092779
began,4.72900819158196
decry,4.727802732469136
floor,4.72707491656387
dowel,4.72627621984795
hasty,4.726087527065589
flint,4.7258109849859595
fiery,4.7257435101748015
login,4.725606821067436
glory,4.725421221699564
rusty,4.725316954234512
demur,4.725244470363385
aptly,4.724542874468952
scarf,4.7229279481949815
cocoa,4.722481236953983
gavel,4.7218348079674275
prank,4.720738423079456
cramp,4.720390239676633
scold,4.720074437583678
seedy,4.720067316655693
faith,4.719302003436234
issue,4.719234541933277
spend,4.719003183404454
sworn,4.717254100098496
spike,4.716983527614665
guide,4.716934276822931
wafer,4.71674934745038
plume,4.716733894921997
charm,4.716685410136406
trick,4.716631127432235
marry,4.716095010281624
girth,4.715563264341791
bland,4.714776442163914
rebus,4.714379920815322
onion,4.713649117991659
tulip,4.712617380277945
cloak,4.712424443668066
silly,4.712241726253036
crush,4.711162665961137
shaft,4.710623642809517
cross,4.7101424571260075
level,4.709227584273489
larva,4.708965468018417
flyer,4.708485442522966
vault,4.707099160437576
cacao,4.7065565643166405
grove,4.706420484574236
could,4.705060888385819
spurn,4.704432235089991
grass,4.702983424337825
tangy,4.702846563689151
await,4.70280849856407
curve,4.702417303755403
azure,4.70118259691444
graze,4.700971791209528
ombre,4.700465548294775
bible,4.7002414509861
salvo,4.698713844176928
gonad,4.697182335392987
drift,4.696789412404822
vital,4.695652190410627
dicey,4.694392725512928
whine,4.692932029764678
spoon,4.692375362377499
manly,4.691997341605017
badge,4.691179605918792
drawn,4.690615535939339
snoop,4.690560220943653
haven,4.690324345476979
tweed,4.689483197304961
odder,4.688544034432408
afoot,4.68845999541413
swell,4.688430939470627
bacon,4.688028678138711
elfin,4.686028921400575
about,4.6852914359853015
merry,4.684214174029282
coach,4.683893883772358
birth,4.683538057578955
freak,4.683398211704844
clank,4.683015378830769
sassy,4.68184361159906
prism,4.680890679352284
demon,4.680577116178936
denim,4.68043416121373
annoy,4.680213955402719
gnome,4.67931423982575
mower,4.677867249325302
brass,4.677414396991958
diver,4.676724356369426
amity,4.676669601513244
chord,4.6760843589362615
hover,4.675882852847592
tunic,4.6750465176988305
froth,4.675020108797691
cycle,4.674750447254636
flour,4.67421386131243
spoke,4.672847124896201
taboo,4.672643063605579
curly,4.672338810062295
proud,4.672024207658925
spark,4.6717437898954515
hotly,4.671478597743649
delve,4.670870440047238
speak,4.670770311344215
coven,4.670048003127342
micro,4.669520692514598
mania,4.669159947430336
ethos,4.66832614880733
enema,4.667878071482754
berry,4.667783333383074
blend,4.667318781462272
koala,4.66673202006366
ovine,4.665940172114216
patch,4.665320389665452
ditto,4.664375728542507
dwelt,4.662506449492846
glass,4.662103587922047
droop,4.6614487931376685
essay,4.6609837845638245
topic,4.660149242233318
girly,4.65992461802773
slink,4.659687832719092
grind,4.659482219297917
angry,4.659229458312046
stoop,4.65835562920662
vicar,4.6576607123580125
papal,4.65761257522746
gnash,4.657432632096821
cloud,4.657329691136259
slimy,4.655940403524536
field,4.655832411722063
shove,4.6555375384657935
mecca,4.654967106078899
fiber,4.653451579700115
prawn,4.653049532836153
binge,4.6530353735072065
shiny,4.652881147934291
visor,4.652705196436468
buyer,4.6520718848237905
manic,4.6520575059247165
tempo,4.651487048004302
brood,4.651460215712257
beady,4.651101171050129
neigh,4.650539410599779
flash,4.650083803828633
voila,4.649917292146643
canny,4.6498592288515495
wheel,4.64966057841273
wreak,4.649224180653427
hardy,4.649032941659517
incur,4.647996164687084
again,4.647008172345139
touch,4.646619907070372
turbo,4.646173514583048
impel,4.644168604743758
fetid,4.643981227410996
focal,4.643474891049898
porch,4.643129831665685
ghost,4.641846458498019
furor,4.641337807409439
primo,4.641273747382489
briny,4.639767037794869
dopey,4.638757769708184
wield,4.638348203523268
bloke,4.638311643100216
forth,4.637916617614727
cavil,4.6361854062031576
locus,4.63508884935589
swath,4.635042707184622
petty,4.634198315899257
bison,4.634068959078304
cyber,4.633689080754068
catch,4.632405239357169
graph,4.631324341582544
patty,4.6311364101291925
tipsy,4.6305838114668445
sting,4.629378057783525
roomy,4.62844484567884
stack,4.6281567618537585
midst,4.627868191933715
flesh,4.627015892972838
churn,4.625615358675436
stamp,4.624799633181196
crypt,4.623529819948403
ember,4.623254798250342
flout,4.622568034513595
blunt,4.621203543611707
vaunt,4.621037776503919
smith,4.61887705317737
weave,4.618613519855311
harpy,4.618592444664198
throb,4.618520672699422
admit,4.617513993626193
hovel,4.617311363014771
fraud,4.615867701373518
frill,4.6158119759983345
shawl,4.6149451645012665
right,4.614890792621112
rumor,4.614775844808474
viper,4.614494646076012
eight,4.6140924068237
smoke,4.61215488615788
dross,4.6117154150436015
prong,4.611432865025956
slosh,4.610395874121615
vapor,4.6100256066109155
shelf,4.609071737877143
lyric,4.608957776384935
lurch,4.608028595363873
trunk,4.6066161733412025
twist,4.605723560996069
avail,4.605721609176356
condo,4.605283335337277
viola,4.605252448191462
forty,4.604608008959315
welsh,4.6045750203692695
candy,4.603579537563578
mover,4.603442182515162
lusty,4.603303302789252
union,4.603090886467751
basic,4.602744249445584
waver,4.602657943978467
rhyme,4.602393858800779
notch,4.602060557727101
debut,4.602002984381936
pagan,4.6002217770967055
ingot,4.598903715225827
abhor,4.598528516418664
prize,4.598040613786281
sheik,4.597724931614632
widen,4.5976955605862235
crown,4.597367056367458
dally,4.596485281557858
swept,4.596370340052196
bless,4.596151752660398
disco,4.595888106658933
bleak,4.595724614711987
waive,4.595581216602355
gourd,4.595149523301616
shady,4.594403071630101
dodge,4.5937726403177725
thank,4.593539079038631
ennui,4.593073140503612
bugle,4.592816146893277
worth,4.592762329935265
iliac,4.59275666507384
conic,4.5914345591309855
motto,4.590487671399811
audio,4.590283746704057
brawl,4.589917308802057
sweep,4.58950897767763
naval,4.5894809505375465
druid,4.589382219802589
razor,4.589194721610876
hedge,4.589139679312685
sprig,4.589021739531564
venue,4.588965998321544
allow,4.587264753853316
snack,4.584797526141007
maybe,4.584297532235362
exile,4.582492233485403
chirp,4.582471209445651
ferry,4.582365806351179
bowel,4.582128040639801
swarm,4.581816234860022
glove,4.581743140905439
shank,4.581742009461442
agony,4.581238785989299
award,4.581170004217551
emcee,4.580497976010768
hyper,4.580463588934752
giver,4.580257890767316
frond,4.579431663449587
nomad,4.579185489495782
decoy,4.578419772173034
world,4.578056820351749
glaze,4.577917570041145
lingo,4.577223810309098
match,4.576677981178362
caulk,4.574863908658557
theft,4.573628424521439
fetus,4.570835830259438
chief,4.570626214898672
plank,4.570232120138597
befit,4.5684893877708665
spiny,4.56843724836848
exert,4.568058843286342
knead,4.567323325133705
unity,4.566550022436758
clamp,4.566471956892072
bulge,4.565754994102853
tawny,4.565698514014258
psalm,4.564246542531955
depth,4.5642028334301745
evict,4.56279785180142
slick,4.561316549799961
aloof,4.561234030212348
month,4.561023039781316
fiend,4.560449726326372
choke,4.559815845994181
laugh,4.558987546415261
anvil,4.558961525218775
idiot,4.557492574178055
cling,4.557274765146409
limit,4.556060076097355
fewer,4.555624091127113
extra,4.555006210394399
stink,4.554564787300301
gouge,4.554342002124563
bused,4.5531128739272555
booth,4.552329401195514
thyme,4.551927194084863
sight,4.551738020332285
child,4.551481839951376
devil,4.549763600053393
being,4.549306482353605
maize,4.549219658100532
chasm,4.549175612793449
movie,4.548899490300519
sumac,4.548881165980806
synod,4.548809888625234
needy,4.545915588684472
lefty,4.545565240294119
exact,4.545151057294813
amiss,4.544750994089775
suing,4.544697040607111
groom,4.544608610869747
curry,4.544289757238059
shirk,4.544041422788606
hazel,4.543328973262822
gazer,4.542958639233846
tibia,4.542616120137639
chill,4.542342919432297
parka,4.540963147281067
begin,4.540638530135058
epoch,4.540426905233433
bicep,4.539171085332864
rough,4.5390621714195785
crook,4.536224180975013
sword,4.536148574782719
ethic,4.5360128563760735
gross,4.5359532247469945
chess,4.534007173961772
awoke,4.533700650420359
mauve,4.533279647681576
vista,4.5326666597986
hatch,4.531456979608772
slung,4.530837111194526
quiet,4.530254674525778
vocal,4.529568290306873
sully,4.529072911006111
brawn,4.528770052854685
batch,4.528256255092823
prowl,4.5280546932260375
belch,4.527569098495817
blond,4.526500884392831
krill,4.525864394411801
blaze,4.525793386573893
derby,4.5252687113026155
swoon,4.523604423555962
gusto,4.523491260687892
elegy,4.523162108844259
gamut,4.522876911557415
savoy,4.521473645744337
humor,4.521240194484212
logic,4.520838359752609
afoul,4.520531090471031
exist,4.520500248847639
yacht,4.520263212037805
smash,4.5201919903525996
swill,4.519649139082897
udder,4.518732415012123
women,4.518557512961572
crimp,4.518158355164431
drink,4.517453160026918
pouty,4.517162807916188
snaky,4.516532869699473
shift,4.516517841754331
group,4.515707825263873
feign,4.515489241446039
event,4.514457458401733
datum,4.5142062147447914
quart,4.512855472931096
duvet,4.512754758604443
booty,4.512587003298275
belly,4.510635538245925
spasm,4.510384192018756
midge,4.5097417040889445
batty,4.509209537860559
truck,4.506972505291679
whirl,4.506402909836798
spank,4.505702699493205
gloss,4.505418798015116
throw,4.504650021253527
frank,4.503111467219347
fever,4.502755764350796
vegan,4.502510903495472
penny,4.502065036406737
doing,4.501819437738689
nudge,4.50056404847699
broom,4.500446914611449
worry,4.499773372326778
kneed,4.498580511913767
above,4.4969075548322
thong,4.496423165297195
amass,4.494640117523317
skill,4.494152801775841
vague,4.492782416931561
ebony,4.492722822805844
upper,4.492547012221314
photo,4.492287947742547
bevel,4.491550395173867
slush,4.490745047121782
brush,4.489113046545973
blind,4.488482246303421
drown,4.486545986233636
trump,4.484989037495951
assay,4.484744436448425
guild,4.484306846040796
ovary,4.483580295886097
valid,4.4834802965943235
plush,4.483419477228418
bigot,4.482896071777131
flume,4.482783969454643
lucid,4.4827484534289885
sigma,4.482555816561128
blood,4.482051889051421
joist,4.481520872356425
madly,4.480972296186376
spicy,4.478960612549413
syrup,4.478133401064481
omega,4.477375214704219
scoop,4.477354432069227
femur,4.477198807533763
quite,4.476642736252303
awake,4.476438405488279
mouth,4.4762064245369
mango,4.4760412903323195
dolly,4.4758268116343976
aping,4.475277244798403
light,4.47497577080764
medic,4.47478600137713
conch,4.474502569277827
crack,4.471455859464646
bravo,4.470009950876119
minty,4.469770027734968
loopy,4.4682889912176
usual,4.467476192407239
tough,4.4662742396900414
basis,4.464882986445338
tweak,4.46391272207511
nanny,4.463786853217989
beech,4.463217765564331
birch,4.462209141802641
fatty,4.461183055727944
clink,4.4610801032515095
lanky,4.460416555404238
pound,4.460323912504556
alibi,4.460225614372956
video,4.460157390728376
quote,4.459440863901192
bench,4.458738345394387
teddy,4.457924776061829
thrum,4.457147733418442
hound,4.457060600818344
input,4.456490422338438
scrum,4.456310161630449
chalk,4.454940128413637
avian,4.454676224612824
badly,4.454585903505431
augur,4.454323872923668
slunk,4.454189351260242
guess,4.453449566229233
ionic,4.4517396017893205
sunny,4.45144874703322
optic,4.450855390030464
admin,4.450676616138568
bring,4.449787822703048
handy,4.447880420478922
shrug,4.447684398748187
youth,4.4471880624223745
growl,4.446051827353355
annex,4.4450462434394185
clown,4.444546551006777
eying,4.444373664183514
thing,4.444319490451287
ditch,4.442592638972232
polka,4.441121601880323
spawn,4.44105604314713
doubt,4.441031799341068
queer,4.440866310059362
pitch,4.4395925287381415
blank,4.4383067772621905
ninth,4.437804251188305
holly,4.436744112494536
karma,4.435834606788432
verve,4.435173280980197
scamp,4.4331350199441255
knave,4.432629026152325
scowl,4.432443041716168
stick,4.4320081961030375
stock,4.431718140508681
crowd,4.431687558542644
ditty,4.4315586600578145
zonal,4.431219641793323
brisk,4.429290037324083
favor,4.428823174259605
stomp,4.427357992173378
build,4.427341860034276
sissy,4.426318401476714
fetch,4.424441833007131
ghoul,4.42364121414112
folio,4.4234324488448165
lunch,4.423313893673366
among,4.42253900384305
gassy,4.422107762817136
alpha,4.421338461083445
covey,4.421333474902472
morph,4.419984139787628
bonus,4.419936718295814
burly,4.419904492673513
smirk,4.417878520990906
dilly,4.417135008668015
filth,4.4169796500436505
perky,4.416673746354352
given,4.4156161410960815
proof,4.413118162887916
digit,4.413109496027323
stung,4.412787515254211
valve,4.412709786296709
undue,4.412283986608076
pooch,4.412098501752527
below,4.411666232667065
tying,4.40988411581394
welch,4.4086001762455185
heavy,4.408547601706748
clack,4.4062689239518775
bliss,4.404629850889023
joint,4.404332053028199
watch,4.404138094837982
chili,4.401304815127811
abbot,4.40097811745115
silky,4.399553959743352
sappy,4.398843596824587
minus,4.398193304249126
dandy,4.3975507937299705
prick,4.396551069956544
golly,4.394002288974998
dwell,4.39392308579824
flask,4.3922203643067785
lofty,4.391301532609195
couch,4.388909094578389
twang,4.388568174134086
shack,4.387969463981359
wagon,4.387898374211347
awash,4.387443544329552
newly,4.38645761188375
hilly,4.385462319001072
grimy,4.385248736559851
cumin,4.38405272024087
fancy,4.383591637425776
sushi,4.382670941181814
human,4.382341632412201
rigid,4.3817130945529605
mound,4.380258936459636
modem,4.379798555346204
amaze,4.379650615750553
pixel,4.379305558118459
phony,4.3789840136453435
nobly,4.378933000892912
think,4.3784252090210805
tight,4.377554735474969
occur,4.377520668854934
extol,4.375274726703295
gloom,4.374062836559042
nylon,4.373657882298491
brink,4.373102952862956
pivot,4.372183712788878
wedge,4.369141287800475
macho,4.368219467055062
hurry,4.366914049437841
wooly,4.366793019684344
woman,4.366492877232125
quest,4.366142737651509
manga,4.3660772516548345
nutty,4.365247798639903
tacky,4.365148131746915
study,4.363696186598283
wrong,4.362660505040373
pupil,4.361406883201415
dingo,4.359358401469193
blush,4.359296212017782
dusty,4.358409763310524
swash,4.3584096179645355
grown,4.357974851767335
villa,4.357555909237196
pinch,4.3574957114617625
risky,4.35697533749261
ozone,4.356411315361664
going,4.355410140345439
shaky,4.354230106127754
shrub,4.353761153655714
botch,4.350905400896424
godly,4.350800592641769
scrub,4.35016979042538
stunk,4.348426158164357
hymen,4.348412100019491
wrack,4.34839217334125
knife,4.346939327384563
vigor,4.3468254112669
vowel,4.345838408466907
coyly,4.345629088285961
axial,4.345572590043131
clung,4.3452212164216135
lying,4.345060895954517
motif,4.343371350593814
squat,4.343009940387969
magic,4.342386187598627
slump,4.342084491253399
gravy,4.339673762407593
jaunt,4.338740142067003
froze,4.3384194058085805
virus,4.3376269418703615
fauna,4.337383717484155
abbey,4.3369621440281385
bound,4.334830361785103
floss,4.334414054235307
bitty,4.3344113132221995
shown,4.333979228632659
juice,4.333840116690524
fluke,4.333160806225156
night,4.33313054738008
pouch,4.331681837002099
avoid,4.331645527366477
toddy,4.3315059564656115
lipid,4.330857407820085
flood,4.330423968716593
boxer,4.329647895714229
visit,4.329598887808231
cheek,4.329503045106492
flank,4.32844317593967
frisk,4.328415132441688
vogue,4.327966272714161
brown,4.326220902678444
brook,4.3262130098994245
hydro,4.325482530815186
gauze,4.325402858423991
balmy,4.325144215944006
begun,4.324336488826397
dozen,4.3242026218447975
wring,4.323411749570391
mogul,4.322941345871302
rabbi,4.322441634976283
swami,4.3218212659472846
exult,4.321768624937183
cinch,4.320617811071801
imbue,4.320314868952468
forgo,4.31975212643694
slyly,4.318724222161207
toxin,4.3169280555081375
knoll,4.316683571020286
woken,4.316436895018255
drunk,4.316424656286861
snowy,4.316280463493689
outdo,4.316228224032094
speck,4.3149641975430715
mocha,4.314641735507158
scuba,4.3132464715882755
black,4.31196130342714
unfit,4.310674682042417
enemy,4.309465270037626
vomit,4.3093019608440875
billy,4.30891862979942
crock,4.308576592947727
crazy,4.30678249835725
fanny,4.305276069125658
crump,4.305218858598347
zebra,4.304841277340065
aphid,4.30466886267256
bayou,4.304049732645967
axion,4.301697778766848
smack,4.300896612805895
bloom,4.300702076879413
venom,4.300339775608489
dryly,4.29953937673253
amply,4.29930395798558
would,4.298310191841889
major,4.297596238194466
mangy,4.2969679695956415
weigh,4.294756281606799
wreck,4.294024490477693
dimly,4.293466359276806
folly,4.2932347264194375
gaudy,4.292109146938576
timid,4.291485742878655
ivory,4.290861790717266
pithy,4.289260084154008
askew,4.289132078931296
madam,4.288936611356381
crick,4.288685649723726
foamy,4.288046066408888
musty,4.286938285667949
rajah,4.28630162745305
equal,4.285579529849853
idyll,4.284430078445788
music,4.283472515766589
moldy,4.2833356732373495
icily,4.282575543878633
gusty,4.281243224785285
album,4.28068844517256
ninny,4.2804423202535355
unfed,4.278714901022682
elbow,4.277436894866019
budge,4.272064336353927
comic,4.2710730082505215
caddy,4.270130446542607
brick,4.268875881136892
missy,4.268494518002464
skull,4.2682659752584655
every,4.267372321193783
igloo,4.26591835555004
hefty,4.2656448306789985
woven,4.265606176977554
cough,4.263557599154677
detox,4.263520364409237
mossy,4.262902611345044
wordy,4.262810794644161
forum,4.261304378695551
dowry,4.26129831858075
rumba,4.261032315901871
shook,4.261022679743859
hitch,4.260937572279477
bezel,4.260082860686086
apply,4.259592019841377
whelp,4.259464500489802
fluid,4.258950576636228
joust,4.25819031935853
endow,4.258099286092384
dully,4.257256736224654
dutch,4.2554851866299
bosom,4.254280453693047
blurb,4.252829404863596
ought,4.252415884615992
flush,4.251810398849395
swoop,4.249447638916593
swift,4.249085320068134
gayly,4.248022865216137
quail,4.247316218000759
rocky,4.246985062446906
moody,4.246775568978375
gaffe,4.2463336220448715
click,4.246260113600112
juror,4.24481223137739
champ,4.242220893233045
quilt,4.239918614347773
borax,4.238821122851291
helix,4.2381028242530485
unwed,4.23747608951196
climb,4.236456186461059
embed,4.2356526264443675
queen,4.234093239086063
excel,4.234083414129835
dogma,4.234018623750744
putty,4.23393479942943
frown,4.233757147060404
aglow,4.233731480654307
goody,4.232391967199132
found,4.231873958717437
clock,4.231460054713962
oxide,4.227207724172724
using,4.22614796715197
stuck,4.225212516742944
gipsy,4.225065214156138
bongo,4.2236349869088174
blink,4.22338764411083
uncut,4.22220100846986
privy,4.221207825562728
limbo,4.216790354793333
filly,4.216104457363644
furry,4.216069386022988
outgo,4.213209609734286
thick,4.2121043332093775
witty,4.211918441480404
stump,4.211507850554469
empty,4.211131360476781
bingo,4.209541190800367
spoof,4.20574966591583
topaz,4.204077894011519
hussy,4.203698944831585
waxen,4.203520890337991
flack,4.202813661150771
young,4.201714895735083
havoc,4.201191052664539
booze,4.200593081436761
wound,4.200126994249594
shock,4.199978681833908
daddy,4.199873629837976
sulky,4.19660971063943
umbra,4.196499153264162
eject,4.196014466733182
polyp,4.1948865744025685
shush,4.194819513314333
femme,4.194768882618549
comma,4.193334236318969
wharf,4.19308373774427
weedy,4.192981655927277
bossy,4.192576952138076
shyly,4.1923045094763705
quell,4.190978609108311
fixer,4.190500725637171
fling,4.189357574792616
thigh,4.188861493209941
pesky,4.188752992923575
eking,4.188612322798854
undid,4.185910620645267
willy,4.184748172773968
frock,4.184702818285346
envoy,4.184300116155613
snuck,4.1822131172136165
mulch,4.181805391839186
mafia,4.181279817319166
punch,4.180129716874488
rowdy,4.178187052013137
dwarf,4.178001273343426
usurp,4.17795769063195
gully,4.177354401507787
civil,4.177069795310298
dough,4.175853879352771
spook,4.174362050750741
witch,4.173545802843431
hutch,4.172854855911276
gecko,4.172386981948128
offer,4.171647081461476
kitty,4.171632412947801
fudge,4.17003392834401
crumb,4.169409253480547
gulch,4.1682950942630885
tabby,4.168114105697961
blown,4.167831247494757
leggy,4.164791672950303
expel,4.164367518693672
might,4.163090087748266
focus,4.162892290032576
dingy,4.159493382180772
plaza,4.157767443553507
ruddy,4.157368721425615
myrrh,4.157348824466672
vapid,4.156810588677778
swing,4.156478713844654
fleck,4.155307797689475
lowly,4.153198410547011
zesty,4.151235253688883
opium,4.150736146151554
quota,4.148352188353153
showy,4.147982158676559
clump,4.147810929015318
paddy,4.142098001043526
swamp,4.141645614818843
macaw,4.140899665605881
magma,4.140576060205322
plunk,4.140146777922511
bully,4.138365074016193
cynic,4.134371631179605
itchy,4.12712549170065
lupus,4.126753056631033
edify,4.124447588259445
finch,4.1242550262358
vinyl,4.1241962389049585
block,4.12195764178385
icing,4.120173965224106
pixie,4.119971281874248
butch,4.114678974384785
wrung,4.113463042392683
abyss,4.113447280768676
dying,4.110679874773146
evoke,4.110408672400038
joker,4.110160220146295
sixth,4.109500669651312
debug,4.108254118551899
swish,4.107864311759963
width,4.107829390398196
flaky,4.106902050629256
soggy,4.106601431125512
smock,4.1037047157420385
staff,4.103199567383847
pique,4.103170556943234
aging,4.102989016203525
toxic,4.1011179814631555
munch,4.098533522282222
winch,4.097861968100198
ficus,4.097341859140192
kiosk,4.095324393697892
sixty,4.095210511988156
blimp,4.092570473940929
spunk,4.085422318302703
downy,4.085175584287835
query,4.082769684683696
woody,4.081708344917036
spiky,4.076479945386119
whiny,4.0764004691700375
jetty,4.075571829774831
kebab,4.071300602354838
oddly,4.070293859073489
curvy,4.0685464021054525
fully,4.068213733875846
quasi,4.06741915046641
index,4.06741339293326
flown,4.066534333877818
hunch,4.066044267469922
humid,4.061882435443576
mamma,4.061853154758835
mambo,4.059977583873675
junta,4.058748538380428
beefy,4.053094457470517
bunch,4.049414758270719
aback,4.048501666589748
pulpy,4.047818697522546
fritz,4.047449206670753
quake,4.046401513271368
jewel,4.045657885264611
cluck,4.043849292307841
fugue,4.042854098582757
imply,4.042352386730609
dodgy,4.039868506334563
pluck,4.037584460125812
jelly,4.0344797257290255
hippo,4.034030138194424
bough,4.033742348636836
quash,4.030473228339999
idiom,4.0279921668992
happy,4.027708220629934
thump,4.026672896140537
gamma,4.0259957733006635
owing,4.024709663701379
taffy,4.022096820158054
bunny,4.019202909840192
geeky,4.01901321172555
smoky,4.0183660376671755
livid,4.015683011119536
mammy,4.01565003747568
unify,4.015642755700921
filmy,4.014470472251245
ovoid,4.013807531774459
flock,4.009434298599809
flick,4.007700747116841
pushy,4.006550973030946
fight,4.006451131104307
bylaw,4.001328603058932
shuck,3.9991496657513443
queue,3.9958453076104377
pubic,3.9943057362058503
milky,3.993871797593016
cubic,3.9932410175045323
check,3.992340510956806
waltz,3.991925142733076
quill,3.988851702820836
wryly,3.9887644966101674
goofy,3.988675103599688
pinky,3.98843183175782
cabby,3.986561444920919
vouch,3.986239717292592
blitz,3.9839633325460793
proxy,3.9829234175989154
flung,3.9823337147507702
ninja,3.978923234781802
booby,3.9779293550570882
wight,3.9776362505193226
windy,3.9773568321381543
fishy,3.9758504165527575
awful,3.974704597829699
axiom,3.97428397034812
rugby,3.9668839960004956
junto,3.964517104336903
wispy,3.9623981771319694
squad,3.9595536274840066
lobby,3.9574978819704127
vigil,3.9570792675821833
minim,3.954320514915988
lumpy,3.9506951628462623
whoop,3.9504178848249554
chunk,3.9439894432650133
fussy,3.942211696341399
mushy,3.9395999778446993
murky,3.9329040125840935
swung,3.9321437249718794
offal,3.9296158808729187
glyph,3.9239848900299
skimp,3.92212447657642
mucus,3.9188365606001256
stiff,3.916903970269188
qualm,3.9139357954916316
funny,3.9107375201159083
plump,3.9103669659969187
banjo,3.908646931967982
vixen,3.907455018640591
enjoy,3.904534328652849
quoth,3.903383087306803
kappa,3.901944657672576
jolly,3.8990635120919626
giddy,3.8988874719815185
guava,3.8974026261379016
poppy,3.896468416393312
flunk,3.8960963748567896
comfy,3.89516687214841
skulk,3.893994978320829
lucky,3.89306083007313
kayak,3.8918442213037197
knack,3.8870706158305626
chock,3.883955929824588
bushy,3.883565699809536
quark,3.8830745419801365
thumb,3.8821877983364654
cliff,3.8772697803622496
savvy,3.8714362961978863
biddy,3.862523540545979
whisk,3.860914573169015
plumb,3.852234319014498
which,3.8515851512128956
duchy,3.851063779770088
baggy,3.850668158160184
sniff,3.8465521796560886
mimic,3.845936518706653
bawdy,3.84401008291348
chick,3.842906943849315
humus,3.8402617365196337
fungi,3.839549927469302
hippy,3.8352958164704587
picky,3.8340570016383815
whack,3.83037230321002
chump,3.8274608324749084
vodka,3.81752539449541
twixt,3.8136364565089798
fifty,3.810876849770587
dusky,3.808034041668705
equip,3.8002014491241085
fifth,3.799517476704599
known,3.7945678918593133
epoxy,3.793722807150111
khaki,3.793626663147274
husky,3.7931309592796225
lymph,3.79288440147063
civic,3.7922917346804095
gypsy,3.7915106873301125
hunky,3.7869013377455727
wacky,3.783838709564198
howdy,3.775766631949044
jerky,3.7717341025424234
judge,3.7686421693446106
pudgy,3.7622821417386634
knock,3.749915535666293
skunk,3.746322542975054
vying,3.7461891159268816
bulky,3.7442739589970784
scoff,3.7376199142119386
dowdy,3.7367058840260023
musky,3.7294619533923155
quirk,3.7183983492957995
dumpy,3.7177286635860916
piggy,3.712012989573255
chaff,3.706587743750848
gumbo,3.7049116280158314
stuff,3.703133152201167
maxim,3.6962471371457424
juicy,3.68608020761629
buddy,3.6787652069007337
fjord,3.6783697836721356
widow,3.6643900364304156
chuck,3.657162206198648
hobby,3.6556318367909904
muddy,3.6536362324135707
nymph,3.6527648889134756
wimpy,3.650333098776912
gawky,3.645058465143092
dummy,3.6266980965531173
boozy,3.616324476525629
puppy,3.6146119842131816
gruff,3.6062658516
humph,3.5963042768012743
snuff,3.59428445616647
squib,3.5895595031016927
inbox,3.5861488975843567
foggy,3.5854877719323035
funky,3.5713144640934593
bobby,3.5703066905879073
mucky,3.5561755784412235
kinky,3.5541016689072094
quack,3.5523679776258454
guppy,3.5516856806162953
unzip,3.5438668569560456
mummy,3.541717539828546
gummy,3.5118529388637922
woozy,3.4978687017914263
vivid,3.475028340864993
buggy,3.4460617861210308
pygmy,3.444285847379134
bluff,3.4184490022676375
skiff,3.416385776641819
fluff,3.3874493427145054
quick,3.386247575068089
buxom,3.3025590253928145
puffy,3.2247362752834725
affix,3.2066341358032884
whiff,3.1799671966298146
jumbo,3.1430500216654784
pizza,3.1062433523695456
jumpy,3.058014443788168
jiffy,2.8808756816283165
dizzy,2.8406034976492878
fizzy,2.587120753179221
jazzy,2.4020457103218704
fuzzy,2.3937480633686175
